{"cameraMode":{"drawMode":0,"name":"Shaded","section":"Shading Mode"},"sceneLighting":false,"audioPlay":false,"sceneViewState":{"showFog":true,"showMaterialUpdate":false,"showSkybox":false,"showFlares":true,"showImageEffects":true,"showParticleSystems":true},"in2DMode":false,"pivot":{"x":58.26820373535156,"y":18.02734375,"z":-26.610563278198243},"rotation":{"x":0.37813448905944826,"y":-0.022214822471141816,"z":0.009076966904103756,"w":0.925439715385437},"size":28.64849853515625,"orthographic":true}