{"cameraMode":{"drawMode":0,"name":"Shaded","section":"Shading Mode"},"sceneLighting":false,"audioPlay":false,"sceneViewState":{"showFog":true,"showMaterialUpdate":false,"showSkybox":false,"showFlares":true,"showImageEffects":true,"showParticleSystems":true},"in2DMode":false,"pivot":{"x":198.84100341796876,"y":4.114021301269531,"z":105.96123504638672},"rotation":{"x":-0.2502332925796509,"y":-0.46279382705688479,"z":0.13800640404224397,"w":-0.8391435742378235},"size":8.674599647521973,"orthographic":true}