{"cameraMode":{"drawMode":0,"name":"Shaded","section":"Shading Mode"},"sceneLighting":false,"audioPlay":false,"sceneViewState":{"showFog":true,"showMaterialUpdate":false,"showSkybox":false,"showFlares":true,"showImageEffects":true,"showParticleSystems":true},"in2DMode":false,"pivot":{"x":212.38223266601563,"y":9.979915618896485,"z":126.8216552734375},"rotation":{"x":-0.1473027467727661,"y":-0.43966370820999148,"z":0.07334894686937332,"w":-0.8829628229141235},"size":13.933205604553223,"orthographic":true}