{"cameraMode":{"drawMode":0,"name":"Shaded","section":"Shading Mode"},"sceneLighting":true,"audioPlay":false,"sceneViewState":{"showFog":true,"showMaterialUpdate":false,"showSkybox":true,"showFlares":true,"showImageEffects":true,"showParticleSystems":true},"in2DMode":false,"pivot":{"x":121.13679504394531,"y":2.786250114440918,"z":70.89012908935547},"rotation":{"x":-0.2502332925796509,"y":-0.46279382705688479,"z":0.13800640404224397,"w":-0.8391435742378235},"size":4.499763488769531,"orthographic":true}